Member State,M49 Code,ISO Code,Start date,End date,Other Names,Earlier Name,Later Name,Geographic Term,Membership Document Symbol,Scope Note,French,Spanish,Arabic,Chinese,Russian
Afghanistan,4,AFG,11/09/1946,,"Islamic Republic of Afghanistan, Transitional Islamic State of Afghanistan, Transitional Islamic Government of Afghanistan, Dawlat-i Intiqalii Islamii Afghanistan",,,AFGHANISTAN,A/RES/34 (I),"Per UNTERM, formal name (or long form) ""Islamic Republic of Afghanistan"" adopted Nov. 2004; preceding that, formal name had been ""Transitional Islamic State of Afghanistan""",Afghanistan,Afganistán,أفغانستان,阿富汗,Афганистан
Albania,8,ALB,14/12/1955,,Republic of Albania,,,ALBANIA,A/RES/995 (X),,Albanie,Albania,ألبانيا,阿尔巴尼亚,Албания
Algeria,12,DZA,10/08/1962,,"People's Democratic Republic of Algeria, Al-Jazair",,,ALGERIA,A/RES/1754 (XVII),,Algérie,Argelia,الجزائر,阿尔及利亚,Алжир
Andorra,20,AND,28/07/1993,,Principality of Andorra,,,ANDORRA,A/RES/47/232,,Andorre,Andorra,أندورا,安道尔,Андорра
Angola,24,AGO,01/12/1976,,Republic of Angola,,,ANGOLA,A/RES/31/44,,Angola,Angola,أنغولا,安哥拉,Ангола
Antigua and Barbuda,28,ATG,11/11/1981,,,Antigua,,ANTIGUA AND BARBUDA,A/RES/36/26,,Antigua-et-Barbuda,Antigua y Barbuda,أنتيغوا وبربودا,安提瓜和巴布达,Антигуа и Барбуда
Argentina,32,ARG,24/10/1945,,Argentine Republic,,,ARGENTINA,,,Argentine,Argentina,الأرجنتين,阿根廷,Аргентина
Armenia,51,ARM,02/03/1992,,"Republic of Armenia, Arménie",,,ARMENIA,A/RES/46/227,,Arménie,Armenia,أرمينيا,亚美尼亚,Армения
Australia,36,AUS,24/10/1945,,Commonwealth of Australia,,,AUSTRALIA,,,Australie,Australia,أستراليا,澳大利亚,Австралия
Austria,40,AUT,14/12/1955,,Republic of Austria,,,AUSTRIA,A/RES/995 (X),,Autriche,Austria,النمسا,奥地利,Австрия
Azerbaijan,31,AZE,02/03/1992,,"Republic of Azerbaijan, Azerbaïdjan, Azerbaiyán, Azerbaijan Republic",,,AZERBAIJAN,A/RES/46/230,,Azerbaïdjan,Azerbaiyán,أذربيجان,阿塞拜疆,Азербайджан
Bahamas,44,BHS,18/09/1973,,"Commonwealth of the Bahamas, The Bahamas",,,BAHAMAS,A/RES/3051 (XXVIII),,Bahamas,Bahamas,جزر البهاما,巴哈马,Багамские Острова
Bahrain,48,BHR,21/09/1971,,Kingdom of Bahrain,,,BAHRAIN,A/RES/2752 (XXVI),,Bahreïn,Bahrein,البحرين,巴林,Бахрейн
Bangladesh,50,BGD,17/09/1974,,People's Republic of Bangladesh,,,BANGLADESH,A/RES/3203 (XXIX),,Bangladesh,Bangladesh,بنغلاديش,孟加拉国,Бангладеш
Barbados,52,BRB,12/09/1966,,,,,BARBADOS,A/RES/2175 (XXI),,Barbade,Barbados,بربادوس,巴巴多斯,Барбадос
Belarus,112,BLR,19/09/1991,,"Republic of Belarus, Bélarus, Belarús",Byelorussian SSR,,BELARUS,,,Bélarus,Belarús,بيلاروس,白俄罗斯,Беларусь
Belgium,56,BEL,24/10/1945,,Kingdom of Belgium,,,BELGIUM,,,Belgique,Bélgica,بلجيكا,比利时,Бельгия
Belize,84,BLZ,25/09/1981,,,British Honduras,,BELIZE,A/RES/36/3,,Belize,Belice,بليز,伯利兹,Белиз
Benin,204,BEN,30/11/1975,,Republic of Benin,Dahomey,,BENIN,,,Bénin,Benin,بنين,贝宁,Бенин
Bhutan,64,BTN,21/09/1971,,Kingdom of Bhutan,,,BHUTAN,A/RES/2751 (XXVI),,Bhoutan,Bhután,بوتان,不丹,Бутан
Bolivia (Plurinational State of),68,BOL,07/04/2009,,Plurinational State of Bolivia,Bolivia,,BOLIVIA (PLURINATIONAL STATE OF),,,Bolivie (État plurinational de),Bolivia (Estado Plurinacional de),بوليفيا,玻利维亚（多民族国）,Боливия (Многонациогнальное государство)
Bosnia and Herzegovina,70,BIH,22/05/1992,,"Bosnie-Herzégovine, Bosnia y Herzegovina, Bosnia and Hercegovina, Bosnia i Hercegovina",,,BOSNIA AND HERZEGOVINA,A/RES/46/237,,Bosnie-Herzégovine,Bosnia y Herzegovina,البوسنة والهرسك,波斯尼亚和黑塞哥维那,Босния и Герцеговина
Botswana,72,BWA,17/10/1966,,Republic of Botswana,,,BOTSWANA,A/RES/2136 (XXI),,Botswana,Botswana,بوتسوانا,博茨瓦纳,Ботсвана
Brazil,76,BRA,24/10/1945,,Federative Republic of Brazil,,,BRAZIL,,,Brésil,Brasil,البرازيل,巴西,Бразилия
Brunei Darussalam,96,BRN,21/09/1984,,Brunei,,,BRUNEI DARUSSALAM,A/RES/39/1,,Brunéi Darussalam,Brunei Darussalam,بروني دار السلام,文莱达鲁萨兰国,Бруней-Даруссалам
Bulgaria,100,BGR,14/12/1955,,Republic of Bulgaria,,,BULGARIA,A/RES/995 (X),,Bulgarie,Bulgaria,بلغاريا,保加利亚,Болгария
Burkina Faso,854,BFA,04/08/1984,,"Burkina, Bourkina, Bourkina Fasso, République démocratique du Burkina Faso",Upper Volta,,BURKINA FASO,,,Burkina Faso,Burkina Faso,بوركينا فاسو,布基纳法索,Буркина-Фасо
Burundi,108,BDI,18/09/1962,,Republic of Burundi,,,BURUNDI,A/RES/1749 (XVII),,Burundi,Burundi,بوروندي,布隆迪,Бурунди
Cabo Verde,132,CPV,24/10/2013,,Republic of Cabo Verde,Cape Verde,,CABO VERDE,,,Cabo Verde,Cabo Verde,كابو فيردي,佛得角,Кабо-Верде
Cambodia,116,KHM,"1955-12-14, 1975-04-30, 1990-02-03","1970-12-28, 1976-04-06","Kingdom of Cambodia, Cambodge, Camboya",,Khmer Republic,CAMBODIA,A/RES/995(X),"Name reverted to Cambodia on 3 Feb. 1990, formerly, as follows: as from 6 Apr. 1976 to 3 Feb. 1990 'Democratic Kampuchea'; as from 30 Apr. 1975 to 6 Apr. 1976 'Cambodia'; as from 28 Dec. 1970 to 30 Apr. 1975 'Khmer Republic'",Cambodge,Camboya,كمبوديا,柬埔寨,Камбоджа
Cameroon,120,CMR,"1960-09-20, 1984-02-04",03/09/1975,Republic of Cameroon,,United Republic of Cameroon,CAMEROON,A/RES/1476 (XV),,Cameroun,Camerún,الكاميرون,喀麦隆,Камерун
Canada,124,CAN,24/10/1945,,,,,CANADA,,,Canada,Canadá,كندا,加拿大,Канада
Central African Republic,140,CAF,"1960-09-20, 1979-09-20",19/12/1976,,Central African Empire,Central African Empire,CENTRAL AFRICAN REPUBLIC,A/RES/1488 (XV),,République centrafricaine,República Centroafricana,جمهورية أفريقيا الوسطى,中非共和国,Центральноафриканская Республика
Chad,148,TCD,20/09/1960,,Republic of Chad,,,CHAD,A/RES/1485 (XV),,Tchad,Chad,تشاد,乍得,Чад
Chile,152,CHL,24/10/1945,,Republic of Chile,,,CHILE,,,Chili,Chile,شيلي,智利,Чили
China,156,CHN,24/10/1945,,"People's Republic of China, Zhongguo, Zhonghua Renmin Gongheguo",,,CHINA,,,Chine,China,الصين,中国,Китай
Colombia,170,COL,24/10/1945,,Republic of Colombia,,,COLOMBIA,,,Colombie,Colombia,كولومبيا,哥伦比亚,Колумбия
Comoros,174,COM,11/12/1975,,Union of the Comoros,,,COMOROS,A/RES/3385 (XXX),,Comores,Comoras,جزر القمر,科摩罗,Коморские Острова
Congo,178,COG,15/11/1971,,"Republic of the Congo, Congo Republic, République du Congo, Republic of Congo",People's Republic of the Congo,,CONGO,,,Congo,Congo,الكونغو,刚果,Конго
Costa Rica,188,CRI,24/10/1945,,Republic of Costa Rica,,,COSTA RICA,,,Costa Rica,Costa Rica,كوستاريكا,哥斯达黎加,Коста-Рика
Côte d'Ivoire,384,CIV,01/01/1986,,"Territoire de la Côte d'Ivoire, République de la Côte d'Ivoire, Republic of Côte d'Ivoire",Ivory Coast,,CÔTE D'IVOIRE,,,Côte d'Ivoire,Côte d'Ivoire,كوت ديفوار,科特迪瓦,Кот-д'Ивуар
Croatia,191,HRV,22/05/1992,,"Republic of Croatia, Croatie, Croacia, Hrvatska",,,CROATIA,A/RES/46/238,,Croatie,Croacia,كرواتيا,克罗地亚,Хорватия
Cuba,192,CUB,24/10/1945,,Republic of Cuba,,,CUBA,,,Cuba,Cuba,كوبا,古巴,Куба
Cyprus,196,CYP,20/09/1960,,Republic of Cyprus,,,CYPRUS,A/RES/1489 (XV),,Chypre,Chipre,قبرص,塞浦路斯,Кипр
Czechia,203,CZE,17/05/2016,,,Czech Republic,,CZECHIA,,"Short name changed to 'Czechia' on 17 May 2016, formal name remains 'Czech Republic'",Tchéquie,Chequia,تشيكيا,捷克,Чехия
Democratic People's Republic of Korea,408,PRK,17/09/1991,,"North Korea, Korean People's Republic, DPRK",,,DEMOCRATIC PEOPLE'S REPUBLIC OF KOREA,A/RES/46/1,,République populaire démocratique de Corée,República Popular Democrática de Corea,جمهورية كوريا الشعبية الديمقراطية,朝鲜民主主义人民共和国,Корейская Народно-Демократическая Республика
Democratic Republic of the Congo,180,COD,"1964-08-01, 1997-05-17",26/10/1971,"Congo (Democratic Republic), Democratic Republic of Congo, République démocratique du Congo, Kongo, RDC, DRC, DRK",Zaïre,Zaïre,DEMOCRATIC REPUBLIC OF THE CONGO,,Name changed from Republic of the Congo (Leopoldville) to Democratic Republic of the Congo on 1 Aug. 1964 (Luluabourg Constitution). Name changed to Zaire on 27 Oct. 1971 and changed back to Democratic Republic of the Congo on 17 May 1997.,République démocratique du Congo,República Democrática del Congo,جمهورية الكونغو الديمقراطية,刚果民主共和国,Демократическая Республика Конго
Denmark,208,DNK,24/10/1945,,Kingdom of Denmark,,,DENMARK,,,Danemark,Dinamarca,الدانمرك,丹麦,Дания
Djibouti,262,DJI,20/09/1977,,Republic of Djibouti,French Territory of the Afars and Issas,,DJIBOUTI,A/RES/32/1,,Djibouti,Djibouti,جيبوتي,吉布提,Джибути
Dominica,212,DMA,18/12/1978,,Commonwealth of Dominica,,,DOMINICA,A/RES/33/107,,Dominique,Dominica,دومينيكا,多米尼克,Доминика
Dominican Republic,214,DOM,24/10/1945,,,,,DOMINICAN REPUBLIC,,,République dominicaine,República Dominicana,الجمهورية الدومينيكية,多米尼加共和国,Доминиканская Республика
Ecuador,218,ECU,24/10/1945,,Republic of Ecuador,,,ECUADOR,,,Équateur,Ecuador,إكوادور,厄瓜多尔,Эквадор
Egypt,818,EGY,"1945-10-24, 1971-09-02",21/02/1958,Arab Republic of Egypt,United Arab Republic,United Arab Republic,EGYPT,,Egypt and Syria united to form the United Arab Republic from 22 Feb. 1958 to 27 Sept. 1961. Egypt retained the name United Arab Republic as its own official designation until 2 Sept. 1971.,Égypte,Egipto,مصر,埃及,Египет
El Salvador,222,SLV,24/10/1945,,Republic of El Salvador,,,EL SALVADOR,,,El Salvador,El Salvador,السلفادور,萨尔瓦多,Сальвадор
Equatorial Guinea,226,GNQ,11/12/1968,,"Republic of Equatorial Guinea, República de Guinea Ecuatorial",,,EQUATORIAL GUINEA,A/RES/2384 (XXIII),,Guinée équatoriale,Guinea Ecuatorial,غينيا الاستوائية,赤道几内亚,Экваториальная Гвинея
Eritrea,232,ERI,28/05/1993,,"State of Eritrea, Erythrée",,,ERITREA,A/RES/47/230,,Erythrée,Eritrea,إريتريا,厄立特里亚,Эритрея
Estonia,233,EST,17/09/1991,,"Republic of Estonia, Estonie, Estoniia",Estonian SSR,,ESTONIA,A/RES/46/4,,Estonie,Estonia,إستونيا,爱沙尼亚,Эстония
Eswatini,748,SWZ,19/04/2018,,Kingdom of Eswatini,Swaziland,,ESWATINI,,,Eswatini,Eswatini,إسواتيني,斯威士兰,Эсватини
Ethiopia,231,ETH,24/10/1945,,Federal Democratic Republic of Ethiopia,,,ETHIOPIA,,,Éthiopie,Etiopía,إثيوبيا,埃塞俄比亚,Эфиопия
Fiji,242,FJI,13/10/1970,,"Republic of Fiji, Republic of the Fiji Islands",,,FIJI,A/RES/2622 (XXV),,Fidji,Fiji,فيجي,斐济,Фиджи
Finland,246,FIN,14/12/1955,,Republic of Finland,,,FINLAND,A/RES/995 (X),,Finlande,Finlandia,فنلندا,芬兰,Финляндия
France,250,FRA,24/10/1945,,French Republic,,,FRANCE,,,France,Francia,فرنسا,法国,Франция
Gabon,266,GAB,20/09/1960,,Gabonese Republic,,,GABON,A/RES/1487 (XV),,Gabon,Gabón,غابون,加蓬,Габон
Gambia,270,GMB,21/09/1965,,"The Gambia, Republic of The Gambia, Islamic Republic of the Gambia",,,GAMBIA,A/RES/2008 (XX),"From 24 Feb. 2016 - 15 Feb. 2017, formal name Islamic Republic of The Gambia. From 16 Feb. 2017, formal name Republic of The Gambia.",Gambie,Gambia,غامبيا,冈比亚,Гамбия
Georgia,268,GEO,31/07/1992,,Géorgie,Georgian SSR,,GEORGIA,A/RES/46/241,,Géorgie,Georgia,جورجيا,格鲁吉亚,Грузия
Germany,276,DEU,03/10/1990,,"Federal Republic of Germany, Allemagne, Deutschland","Germany, Federal Republic of",,GERMANY,,On 3 Oct. 1990 the German Democratic Republic and the Federal Republic of Germany united to form one sovereign nation called the 'Federal Republic of Germany',Allemagne,Alemania,ألمانيا,德国,Германия
Ghana,288,GHA,08/03/1957,,Republic of Ghana,,,GHANA,A/RES/1118 (XI),,Ghana,Ghana,غانا,加纳,Гренада
Greece,300,GRC,24/10/1945,,Hellenic Republic,,,GREECE,,,Grèce,Grecia,اليونان,希腊,Греция
Grenada,308,GRD,17/09/1974,,"Grenada, West Indies, Granada",,,GRENADA,A/RES/3204 (XXIX),,Grenade,Granada,غرينادا,格林纳达,Гренада
Guatemala,320,GTM,24/10/1945,,Republic of Guatemala,,,GUATEMALA,,,Guatemala,Guatemala,غواتيمالا,危地马拉,Гватемала
Guinea,324,GIN,12/12/1958,,Republic of Guinea,,,GUINEA,A/RES/1325 (XIII),,Guinée,Guinea,غينيا,几内亚,Гвинея
Guinea-Bissau,624,GNB,17/09/1974,,"Guinea Bissau, Republic of Guinea-Bissau",,,GUINEA-BISSAU,A/RES/3205 (XXIX),,Guinée-Bissau,Guinea-Bissau,غينيا - بيساو,几内亚比绍,Гвинея-Биса
Guyana,328,GUY,20/09/1966,,"Republic of Guyana, Co-operative Republic of Guyana",,,GUYANA,A/RES/2133 (XXI),,Guyana,Guyana,غيانا,圭亚那,Гайана
Haiti,332,HTI,24/10/1945,,Republic of Haiti,,,HAITI,,,Haïti,Haití,هايتي,海地,Гаити
Honduras,340,HND,24/10/1945,,Republic of Honduras,,,HONDURAS,,,Honduras,Honduras,هندوراس,洪都拉斯,Гондурас
Hungary,348,HUN,14/12/1955,,,,,HUNGARY,A/RES/995 (X),,Hongrie,Hungría,هنغاريا,匈牙利,Венгрия
Iceland,352,ISL,19/11/1946,,,,,ICELAND,A/RES/34 (I),,Islande,Islandia,آيسلندا,冰岛,Исландия
India,356,IND,24/10/1945,,Republic of India,,,INDIA,,,Inde,India,الهند,印度,Индия
Indonesia,360,IDN,28/09/1950,,Republic of Indonesia,,,INDONESIA,A/RES/491 (V),,Indonésie,Indonesia,إندونيسيا,印度尼西亚,Индонезия
Iran (Islamic Republic of),364,IRN,11/04/1982,,Islamic Republic of Iran,Iran,,IRAN (ISLAMIC REPUBLIC OF),,"On 4 Nov. 1982, the Government of the Islamic Republic of Iran notified the Secretary-General that the designation 'Iran (Islamic Republic of)' should be used.",Iran (République islamique d'),Irán (República Islámica del),إيران (جمهورية - الإسلامية),伊朗伊斯兰共和国,Иран (Исламская Республика)
Iraq,368,IRQ,24/10/1945,,Republic of Iraq,,,IRAQ,,,Iraq,Iraq,العراق,伊拉克,Ирак
Ireland,372,IRL,14/12/1955,,,,,IRELAND,A/RES/995 (X),,Irlande,Irlanda,أيرلندا,爱尔兰,Ирландия
Israel,376,ISR,05/11/1949,,State of Israel,,,ISRAEL,A/RES/273 (III),,Israël,Israel,إسرائيل,以色列,Израиль
Italy,380,ITA,14/12/1955,,Republic of Italy,,,ITALY,A/RES/995 (X),,Italie,Italia,إيطاليا,意大利,Италия
Jamaica,388,JAM,18/09/1962,,,,,JAMAICA,A/RES/1750 (XVII),,Jamaïque,Jamaica,جامايكا,牙买加,Ямайка
Japan,392,JPN,18/12/1956,,,,,JAPAN,A/RES/1113 (XI),,Japon,Japón,اليابان,日本,Япония
Jordan,400,JOR,14/12/1955,,Hashemite Kingdom of Jordan,Transjordan,,JORDAN,A/RES/995(X),,Jordanie,Jordania,الأردن,约旦,Иордания
Kazakhstan,398,KAZ,02/03/1992,,"Kazajstán, Republic of Kazakstan, Republic of Kazakhstan, Kazakstan, Respublika Kazakhstan",,,KAZAKHSTAN,A/RES/46/224,"Spelling ""Kazakstan"" adopted by UN 8 May 1995 at country's request. Spelling reverted to ""Kazakhstan"" effective 20 June 1997",Kazakhstan,Kazajstán,كازاخستان,哈萨克斯坦,Казахстан
Kenya,404,KEN,16/12/1963,,Republic of Kenya,,,KENYA,A/RES/1976 (XVIII),,Kenya,Kenya,كينيا,肯尼亚,Кения
Kiribati,296,KIR,14/09/1999,,Republic of Kiribati,Gilbert Islands,,KIRIBATI,A/RES/54/1,,Kiribati,Kiribati,كيريباس,基里巴斯,Кирибати
Kuwait,414,KWT,14/05/1963,,State of Kuwait,,,KUWAIT,A/RES/1872 (S-IV),,Koweït,Kuwait,الكويت,科威特,Кувейт
Kyrgyzstan,417,KGZ,02/03/1992,,"Kyrgyz Republic, Kyrgyzskaia Respublika",,,KYRGYZSTAN,A/RES/46/225,,Kirghizistan,Kirguistán,قيرغيزستان,吉尔吉斯斯坦,Кыргызстан
Lao People's Democratic Republic,418,LAO,23/12/1975,,"People's Democratic Republic of Laos, République démocratique populaire Lao, Lao PDR",Laos,,LAO PEOPLE'S DEMOCRATIC REPUBLIC,,,République démocratique populaire lao,República Democrática Popular Lao,جمهورية لاو الديمقراطية الشعبية,老挝人民民主共和国,Лаосская Народно-Демократическая Республика
Latvia,428,LVA,17/09/1991,,"Republic of Latvia, Lettonie, Letonia, Latviia",Latvian SSR,,LATVIA,A/RES/46/5,,Lettonie,Letonia,لاتفيا,拉脱维亚,Латвия
Lebanon,422,LBN,24/10/1945,,Lebanese Republic,,,LEBANON,,,Liban,Líbano,لبنان,黎巴嫩,Ливан
Lesotho,426,LSO,17/10/1966,,Kingdom of Lesotho,,,LESOTHO,A/RES/2137 (XXI),,Lesotho,Lesotho,ليسوتو,莱索托,Лесото
Liberia,430,LBR,24/10/1945,,Republic of Liberia,,,LIBERIA,,,Libéria,Liberia,ليبريا,利比里亚,Либерия
Libya,434,LBY,16/09/2011,,"Kingdom of Libya, State of Libya",Libyan Arab Jamahiriya,,LIBYA,,"By a communication of 22 Dec. 2017, the Permanent Mission informed the UN of a change of the official name to State of Libya; short name: Libya.",Libye,Libia,ليبيا,利比亚,Ливия
Liechtenstein,438,LIE,18/09/1990,,Principality of Liechtenstein,,,LIECHTENSTEIN,A/RES/45/1,,Liechtenstein,Liechtenstein,ليختنشتاين,列支敦士登,Лихтенштейн
Lithuania,440,LTU,17/09/1991,,"Republic of Lithuania, Lituanie, Letonia, Lithuanie, Lietuvos Respublika",Lithuanian SSR,,LITHUANIA,A/RES/46/6,,Lituanie,Lituania,ليتوانيا,立陶宛,Литва
Luxembourg,442,LUX,24/10/1945,,Grand Duchy of Luxembourg,,,LUXEMBOURG,,,Luxembourg,Luxemburgo,لكسمبرغ,卢森堡,Люксембург
Madagascar,450,MDG,20/09/1960,,"Republic of Madagascar, Malagasy Republic, Malagasy, Repoblika Demokratika Malagasy, Repoblikan'i Madagasikara",,,MADAGASCAR,A/RES/1478 (XV),,Madagascar,Madagascar,مدغشقر,马达加斯加,Мадагаскар
Malawi,454,MWI,01/12/1964,,Republic of Malawi,,,MALAWI,A/5815,,Malawi,Malawi,ملاوي,马拉维,Малави
Malaysia,458,MYS,16/09/1963,,"Federation of Malaysia, Government of Malaysia, Malaisie, Malasia",Federation of Malaya,,MALAYSIA,,,Malaisie,Malasia,ماليزيا,马来西亚,Малайзия
Maldives,462,MDV,14/04/1969,,Republic of Maldives,Maldive Islands,,MALDIVES,A/RES/2009 (XX),"In a letter dated 14 April 1969, the Permanent Representative informed the Secretary-General that the country be known as 'Maldives' instead of 'Maldive Islands', and that the full title of the State be 'Republic of Maldives'",Maldives,Maldivas,ملديف,马尔代夫,Мальдивские Острова
Mali,466,MLI,28/09/1960,,Republic of Mali,,,MALI,A/RES/1491 (XV),,Mali,Malí,مالي,马里,Мали
Malta,470,MLT,12/01/1964,,Republic of Malta,,,MALTA,A/5815,,Malte,Malta,مالطة,马耳他,Мальта
Marshall Islands,584,MHL,17/09/1991,,Republic of the Marshall Islands,,,MARSHALL ISLANDS,A/RES/46/3,,Îles Marshall,Islas Marshall,جزر مارشال,马绍尔群岛,Маршалловы Острова
Mauritania,478,MRT,27/10/1961,,Islamic Republic of Mauritania,,,MAURITANIA,A/RES/1631 (XVI),,Mauritanie,Mauritania,موريتانيا,毛里塔尼亚,Мавритания
Mauritius,480,MUS,24/04/1968,,Republic of Mauritius,,,MAURITIUS,A/RES/2371 (XXII),,Maurice,Mauricio,موريشيوس,毛里求斯,Маврикий
Mexico,484,MEX,24/10/1945,,United Mexican States,,,MEXICO,,,Mexique,México,المكسيك,墨西哥,Мексика
Micronesia (Federated States of),583,FSM,17/09/1991,,Federated States of Micronesia,,,MICRONESIA (FEDERATED STATES OF),A/RES/46/2,,Micronésie (États fédérés de),Micronesia (Estados Federados de),ميكرونيزيا (ولايات - الموحدة',密克罗尼西亚联邦,Микронезия (Федеративные Штаты)
Monaco,492,MCO,28/05/1993,,"Principality of Monaco, Monako",,,MONACO,A/RES/47/231,,Monaco,Mónaco,موناكو,摩纳哥,Монако
Mongolia,496,MNG,27/10/1961,,Mongolian People's Republic,,,MONGOLIA,A/RES/1630 (XVI),Official name before 12 Feb. 1992 was the Mongolian People's Republic,Mongolie,Mongolia,منغوليا,蒙古,Монголия
Montenegro,499,MNE,28/06/2006,,,Serbia and Montenegro,,MONTENEGRO,A/RES/60/264,As from 3 June 2006: 'Montenegro'. Formerly: 'Serbia and Montenegro' until 2 June 2006.,Monténégro,Montenegro,الجبل الأسود,黑山,Черногория
Morocco,504,MAR,11/12/1956,,Kingdom of Morocco,,,MOROCCO,A/RES/1111 (XI),,Maroc,Marruecos,المغرب,摩洛哥,Марокко
Mozambique,508,MOZ,16/09/1975,,Republic of Mozambique,,,MOZAMBIQUE,A/RES/3365 (XXX),,Mozambique,Mozambique,موزامبيق,莫桑比克,Мозамбик
Myanmar,104,MMR,18/06/1989,,"Union of Myanmar, Republic of the Union of Myanmar",Burma,,MYANMAR,,Formerly 'Burma' until 17 June 1989,Myanmar,Myanmar,ميانمار,缅甸,Мьянма
Namibia,516,NAM,23/04/1990,,Republic of Namibia,South West Africa,,NAMIBIA,A/RES/S-18/1,,Namibie,Namibia,ناميبيا,纳米比亚,Намибия
Nauru,520,NRU,14/09/1999,,Republic of Nauru,,,NAURU,A/RES/54/2,,Nauru,Nauru,ناورو,瑙鲁,Науру
Nepal,524,NPL,14/12/1955,,"Federal Democratic Republic of Nepal, Kingdom of Nepal",,,NEPAL,A/RES/995 (X),,Népal,Nepal,نيبال,尼泊尔,Непал
Netherlands (Kingdom of the),528,NLD,03/03/2023,,Kingdom of the Netherlands,Netherlands,,NETHERLANDS (KINGDOM OF THE),,,Pays-Bas (Royaume des),Países Bajos (Reino de los),هولندا (مملكة -),荷兰王国,Нидерланды (Королевство)
New Zealand,554,NZL,24/10/1945,,Aotearoa,,,NEW ZEALAND,,,Nouvelle-Zélande,Nueva Zelandia,نيوزيلندا,新西兰,Новая Зеландия
Nicaragua,558,NIC,24/10/1945,,Republic of Nicaragua,,,NICARAGUA,,,Nicaragua,Nicaragua,نيكاراغوا,尼加拉瓜,Никарагуа
Niger,562,NER,20/09/1960,,Republic of the Niger,,,NIGER,A/RES/1482 (XV),,Niger,Níger,النيجر,尼日尔,Нигер
Nigeria,566,NGA,07/10/1960,,Federal Republic of Nigeria,,,NIGERIA,A/RES/1492 (XV),,Nigéria,Nigeria,نيجيريا,尼日利亚,Нигерия
North Macedonia,807,MKD,14/02/2019,,Republic of North Macedonia,The former Yugoslav Republic of Macedonia,,NORTH MACEDONIA,A/RES/47/225,,Macédoine du Nord,Macedonia del Norte,مقدونيا الشمالية,北马其顿,Северная Македония
Norway,578,NOR,24/10/1945,,Kingdom of Norway,,,NORWAY,,,Norvège,Noruega,النرويج,挪威,Норвегия
Oman,512,OMN,07/10/1971,,Sultanate of Oman,,,OMAN,A/RES/2754 (XXVI),,Oman,Omán,عمان,阿曼,Оман
Pakistan,586,PAK,30/09/1947,,Islamic Republic of Pakistan,,,PAKISTAN,A/RES/108 (II),,Pakistan,Pakistán,باكستان,巴基斯坦,Пакистан
Palau,585,PLW,15/12/1994,,"Republic of Palau, Belau, Pelew",,,PALAU,A/RES/49/63,,Palaos,Palau,بالاو,帕劳,Палау
Panama,591,PAN,24/10/1945,,Republic of Panama,,,PANAMA,,,Panama,Panamá,بنما,巴拿马,Панама
Papua New Guinea,598,PNG,10/10/1975,,Independent State of Papua New Guinea,,,PAPUA NEW GUINEA,A/RES/3368 (XXX),"As of 4 Mar. 2013, official name changed to 'Independent State of Papua New Guinea'",Papouasie-Nouvelle-Guinée,Papua Nueva Guinea,بابوا غينيا الجديدة,巴布亚新几内亚,Папуа — Новая Гвинея
Paraguay,600,PRY,24/10/1945,,Republic of Paraguay,,,PARAGUAY,,,Paraguay,Paraguay,باراغواي,巴拉圭,Парагвай
Peru,604,PER,24/10/1945,,Republic of Peru,,,PERU,,,Pérou,Perú,بيرو,秘鲁,Перу
Philippines,608,PHL,01/01/1947,,Republic of the Philippines,Philippine Republic,,PHILIPPINES,,,Philippines,Filipinas,الفلبين,菲律宾,Филиппины
Poland,616,POL,24/10/1945,,Republic of Poland,,,POLAND,,,Pologne,Polonia,بولندا,波兰,Польша
Portugal,620,PRT,14/12/1955,,Portuguese Republic,,,PORTUGAL,A/RES/995 (X),,Portugal,Portugal,البرتغال,葡萄牙,Португалия
Qatar,634,QAT,21/09/1971,,State of Qatar,,,QATAR,A/RES/2753 (XXVI),,Qatar,Qatar,قطر,卡塔尔,Катар
Republic of Korea,410,KOR,17/09/1991,,South Korea,,,REPUBLIC OF KOREA,A/RES/46/1,,République de Corée,República de Corea,جمهورية كوريا,大韩民国,Республика Корея
Republic of Moldova,498,MDA,03/02/1992,,"Moldova, République de Moldova, República de Moldova",Moldavian SSR,,REPUBLIC OF MOLDOVA,A/RES/46/223,"[""As per memo dated 16 Oct. 2006 from Chief of Protocol, the Govt. of Moldova decided to replace 'Republic of Moldova' in all alphabetical listings with the short form 'Moldova'"", 'As per memo dated 10 Sept. 2008 from Chief of Protocol, the Govt. of Moldova decided to replace ""Moldova"" with the short form \'Republic of Moldova\'']",République de Moldova,República de Moldova,جمهورية مولدوفا,摩尔多瓦共和国,Республика Молдова
Romania,642,ROU,14/12/1955,,,,,ROMANIA,A/RES/995 (X),,Roumanie,Rumanía,رومانيا,罗马尼亚,Румыния
Russian Federation,643,RUS,24/12/1991,,"Fédération de la Russie, Federación de Rusia, Russia, Russie, Rusia, Russia (Federation), Rossiiskaia Federatsiia, Rossiia",USSR,,RUSSIAN FEDERATION,,,Fédération de Russie,Federación de Rusia,الاتحاد الروسي,俄罗斯联邦,Российская Федерация
Rwanda,646,RWA,18/09/1962,,"Republic of Rwanda, Rwandese Republic",,,RWANDA,A/RES/1748 (XVII),,Rwanda,Rwanda,رواندا,卢旺达,Руанда
Saint Kitts and Nevis,659,KNA,28/12/1986,,St. Kitts-Nevis,Saint Christopher and Nevis,,SAINT KITTS AND NEVIS,,,Saint-Kitts-et-Nevis,Saint Kitts y Nevis,سانت كيتس ونيفس,圣基茨和尼维斯,Сент-Китс и Невис
Saint Lucia,662,LCA,18/09/1979,,St. Lucia,,,SAINT LUCIA,A/RES/34/1,,Sainte-Lucie,Santa Lucía,سانت لوسيا,圣卢西亚,Сент-Люсия
Saint Vincent and the Grenadines,670,VCT,16/09/1980,,,,,SAINT VINCENT AND THE GRENADINES,A/RES/35/1,,Saint-Vincent-et-les Grenadines,San Vicente y las Granadinas,سانت فنسنت وجزر غرينادين,圣文森特和格林纳丁斯,Сент-Винсент и Гренадины
Samoa,882,WSM,15/12/1976,,Independent State of Samoa,,,SAMOA,A/RES/31/104,,Samoa,Samoa,ساموا,萨摩亚,Самоа
San Marino,674,SMR,02/03/1992,,"Republic of San Marino, Saint-Marin",,,SAN MARINO,A/RES/46/231,,Saint-Marin,San Marino,سان مارينو,圣马力诺,Сан-Марино
Sao Tome and Principe,678,STP,16/09/1975,,"Democratic Republic of Sao Tome and Principe, Sao Tomé e Príncipe",,,SAO TOME AND PRINCIPE,A/RES/3364 (XXX),,Sao Tomé-et-Principe,Santo Tomé y Príncipe,سان تومي وبرينسيبي,圣多美和普林西比,Сан-Томе и Принсипи
Saudi Arabia,682,SAU,24/10/1945,,Kingdom of Saudi Arabia,,,SAUDI ARABIA,,,Arabie saoudite,Arabia Saudita,المملكة العربية السعودية,沙特阿拉伯,Саудовская Аравия
Senegal,686,SEN,28/09/1960,,Republic of Senegal,,,SENEGAL,A/RES/1490 (XV),,Sénégal,Senegal,السنغال,塞内加尔,Сенегал
Serbia,688,SRB,06/03/2006,,"Republic of Serbia, Republika Srbija",Serbia and Montenegro,,SERBIA,,As from 3 June 2006: 'Serbia'. Formerly: 'Serbia and Montenegro' until 2 June 2006.,Serbie,Serbia,صربيا,塞尔维亚,Сербия
Seychelles,690,SYC,21/09/1976,,Republic of Seychelles,,,SEYCHELLES,A/RES/31/1,,Seychelles,Seychelles,سيشيل,塞舌尔,Сейшельские Острова
Sierra Leone,694,SLE,27/09/1961,,Republic of Sierra Leone,,,SIERRA LEONE,A/RES/1623 (XVI),,Sierra Leone,Sierra Leona,سيراليون,塞拉利昂,Сьерра-Леоне
Singapore,702,SGP,21/09/1965,,Republic of Singapore,,,SINGAPORE,A/RES/2010 (XX),,Singapour,Singapur,سنغافورة,新加坡,Сингапур
Slovakia,703,SVK,19/01/1993,,"Slovak Republic, Slovaquie, République slovaque, Eslovaquia, República Eslovaca, Slovenská republika",Czechoslovakia,,SLOVAKIA,A/RES/47/222,,Slovaquie,Eslovaquia,سلوفاكيا,斯洛伐克,Словакия
Slovenia,705,SVN,22/05/1992,,"Republic of Slovenia, Republika Slovenija, Slovénie, Eslovenia, Slovenija",,,SLOVENIA,A/RES/46/236,,Slovénie,Eslovenia,سلوفينيا,斯洛文尼亚,Словения
Solomon Islands,90,SLB,19/09/1978,,,,,SOLOMON ISLANDS,A/RES/33/1,,Îles Salomon,Islas Salomón,جزر سليمان,所罗门群岛,Соломоновы Острова
Somalia,706,SOM,20/09/1960,,Federal Republic of Somalia,,,SOMALIA,A/RES/1479 (XV),,Somalie,Somalia,الصومال,索马里,Сомали
South Africa,710,ZAF,01/06/1961,,"Republic of South Africa, Republiek van Suid-Afrika",Union of South Africa,,SOUTH AFRICA,,,Afrique du Sud,Sudáfrica,جنوب أفريقيا,南非,Южная Африка
South Sudan,728,SSD,14/07/2011,,Republic of South Sudan,,,SOUTH SUDAN,A/RES/65/308,"On 9 July 2011, the Republic of South Sudan was established upon its proclamation as an independent State.",Soudan du Sud,Sudán del Sur,جنوب السودان,南苏丹,Южный Судан
Spain,724,ESP,14/12/1955,,Kingdom of Spain,,,SPAIN,A/RES/995 (X),,Espagne,España,إسبانيا,西班牙,Испания
Sri Lanka,144,LKA,29/08/1972,,Democratic Socialist Republic of Sri Lanka,Ceylon,,SRI LANKA,,,Sri Lanka,Sri Lanka,سري لانكا,斯里兰卡,Шри-Ланка
Sudan,729,SDN,12/11/1956,,Republic of the Sudan,,,SUDAN,A/RES/1110 (XI),,Soudan,Sudán,السودان,苏丹,Судан
Suriname,740,SUR,23/01/1978,,Republic of Suriname,Surinam,,SURINAME,,,Suriname,Suriname,سورينام,苏里南,Суринам
Sweden,752,SWE,09/11/1946,,Kingdom of Sweden,,,SWEDEN,A/RES/34 (I),,Suède,Suecia,السويد,瑞典,Швеция
Switzerland,756,CHE,10/09/2002,,"Swiss Confederation, Conféderation suisse, Suisse, Helvetia, Schweizerische Eidgenossenschaft, Schweiz, Svizzera, Confederazione svizzera",,,SWITZERLAND,A/RES/57/1,,Suisse,Suiza,سويسرا,瑞士,Швейцария
Syrian Arab Republic,760,SYR,13/10/1961,,,Syria,,SYRIAN ARAB REPUBLIC,,"In a communication dated 13 Sept. 1971, the Permanent Mission of the Syrian Arab Republic stated that the official name of Syria was ""Syrian Arab Republic"".",République arabe syrienne,República Árabe Siria,الجمهورية العربية السورية,阿拉伯叙利亚共和国,Сирийская Арабская Республика
Tajikistan,762,TJK,02/03/1992,,"Republic of Tajikistan, Tadjikistan",,,TAJIKISTAN,A/RES/46/228,,Tadjikistan,Tayikistán,طاجيكستان,塔吉克斯坦,Таджикистан
Thailand,764,THA,11/05/1949,,Kingdom of Thailand,Siam,,THAILAND,,,Thaïlande,Tailandia,تايلند,泰国,Таиланд
Timor-Leste,626,TLS,27/09/2002,,"Democratic Republic of Timor-Leste, Timor Lorosa'e, Repoplika Democratika Timor Lorosa'e, Repúplica Democrática de Timor-Leste",East Timor,,TIMOR-LESTE,A/RES/57/3,,Timor-Leste,Timor-Leste,تيمور الشرقية,东帝汶,Тимор-Лешти
Togo,768,TGO,20/09/1960,,Togolese Republic,,,TOGO,A/RES/1477 (XV),,Togo,Togo,توغو,多哥,Того
Tonga,776,TON,14/09/1999,,Kingdom of Tonga,,,TONGA,A/RES/54/3,,Tonga,Tonga,تونغا,汤加,Тонга
Trinidad and Tobago,780,TTO,18/09/1962,,Republic of Trinidad and Tobago,,,TRINIDAD AND TOBAGO,A/RES/1751 (XVII),,Trinité-et-Tobago,Trinidad y Tabago,ترينيداد وتوباغو,特立尼达和多巴哥,Тринидад и Тобаго
Tunisia,788,TUN,11/12/1956,,Republic of Tunisia,,,TUNISIA,A/RES/1112 (XI),,Tunisie,Túnez,تونس,突尼斯,Тунис
Türkiye,792,TUR,26/05/2022,,Republic of Türkiye,Turkey,,TÜRKİYE,,,Türkiye,Türkiye,تركيا,土耳其,Турция
Turkmenistan,795,TKM,02/03/1992,,,,,TURKMENISTAN,A/RES/46/229,,Turkménistan,Turkmenistán,تركمانستان,土库曼斯坦,Туркменистан
Tuvalu,798,TUV,09/05/2000,,,Ellice Islands,,TUVALU,A/RES/55/1,,Tuvalu,Tuvalu,توفالو,图瓦卢,Тувалу
Uganda,800,UGA,25/10/1962,,Republic of Uganda,,,UGANDA,A/RES/1758 (XVII),,Ouganda,Uganda,أوغندا,乌干达,Уганда
Ukraine,804,UKR,24/08/1991,,,Ukrainian SSR,,UKRAINE,,,Ukraine,Ucrania,أوكرانيا,乌克兰,Украина
United Arab Emirates,784,ARE,09/12/1971,,"Federation of Arab Emirates, UAE, Emirats arabes unis, Union des Emirats arabes, Fédération des Emirats arabes",,,UNITED ARAB EMIRATES,A/RES/2794 (XXVI),,Émirats arabes unis,Emiratos Árabes Unidos,الإمارات العربية المتحدة,阿拉伯联合酋长国,Объединенные Арабские Эмираты
United Kingdom,826,GBR,24/10/1945,,"UK, U.K., United Kingdom of Great Britain and Northern Ireland, Great Britain",,,UNITED KINGDOM,,,Royaume-Uni de Grande-Bretagne et d'Irlande du Nord,Reino Unido de Gran Bretaña e Irlanda del Norte,المملكة المتحدة لبريطانيا العظمى وأيرلندا الشمالية,大不列颠及北爱尔兰联合王国,Соединенное Королевство Великобритании и Северной Ирландии
United Republic of Tanzania,834,TZA,11/02/1964,,Tanzania,United Republic of Tanganyika and Zanzibar,,UNITED REPUBLIC OF TANZANIA,,,République-Unie de Tanzanie,República Unida de Tanzanía,جمهورية تنزانيا المتحدة,坦桑尼亚联合共和国,Объединенная Республика Танзания
United States,840,USA,24/10/1945,,"USA, U.S.A., United States of America",,,UNITED STATES,,,États-Unis d'Amérique,Estados Unidos de América,الولايات المتحدة الأمريكية,美利坚合众国,Соединенные Штаты Америки
Uruguay,858,URY,24/10/1945,,"Eastern Republic of Uruguay, República Oriental del Uruguay",,,URUGUAY,,,Uruguay,Uruguay,أوروغواي,乌拉圭,Уругвай
Uzbekistan,860,UZB,02/03/1992,,Republic of Uzbekistan,Uzbek SSR,,UZBEKISTAN,A/RES/46/226,,Ouzbékistan,Uzbekistán,أوزبكستان,乌兹别克斯坦,Узбекистан
Vanuatu,548,VUT,15/09/1981,,Republic of Vanuatu,New Hebrides,,VANUATU,A/RES/36/1,,Vanuatu,Vanuatu,فانواتو,瓦努阿图,Вануату
Venezuela (Bolivarian Republic of),862,VEN,18/11/2004,,Bolivarian Republic of Venezuela,Venezuela,,VENEZUELA (BOLIVARIAN REPUBLIC OF),,"By letter of 17 Nov. 2004, the Permanent Mission specified that the short form be: 'Venezuela (Bolivarian Republic of)'",Venezuela (République bolivarienne du),Venezuela (República Bolivariana de),فنزويلا (جمهورية - البوليفارية),委内瑞拉玻利瓦尔共和国,Венесуэла (Боливарианская Республика)
Viet Nam,704,VNM,02/07/1976,,"Socialist Republic of Viet Nam, Công Hoa Xa Hôi Chu Nghia Viet Nam, Vietnam",Democratic Republic of Viet-Nam,,VIET NAM,A/RES/32/2,Use for works published from 2 July 1976,Viet Nam,Viet Nam,فييت نام,越南,Вьетнам
Yemen,887,YEM,22/05/1990,,Republic of Yemen,Yemen Arab Republic,,YEMEN,,,Yémen,Yemen,اليمن,也门,Йемен
Zambia,894,ZMB,01/12/1964,,Republic of Zambia,Northern Rhodesia,,ZAMBIA,A/5815,,Zambie,Zambia,زامبيا,赞比亚,Замбия
Zimbabwe,716,ZWE,25/08/1980,,Republic of Zimbabwe,Southern Rhodesia,,ZIMBABWE,A/RES/S-11/1,,Zimbabwe,Zimbabwe,زمبابوي,津巴布韦,Зимбабве
